iter	Logloss
0	0.6142972418
1	0.5602948036
2	0.5207494225
3	0.5010780054
4	0.4765249513
5	0.4622500792
6	0.45358238
7	0.4415049425
8	0.4315656417
9	0.4249749375
